StartTime,EndTime,name,UniqueID,Video Description,video_url,playable_type,order_number,note_content,is_document,quiz_components,question,answer_type,answer,explanation,in_lesson,start_time,end_time
0:00:00,0:35:00,"Introduction to Position, Velocity, and Acceleration",1,"MIT - Position, Velocity, Acceleration (Lecture 2)",http://www.youtube.com/watch?v=8Ig-e509uRQ,Note,1,"MIT - Position, Velocity, Acceleration",,,,,,,0,0,35
0:35:00,0:45:00,"Introduction to Position, Velocity, and Acceleration",1,"MIT - Position, Velocity, Acceleration (Lecture 2)",http://www.youtube.com/watch?v=8Ig-e509uRQ,Note,2,"You should always begin a problem by defining a coordinate system. Here, Lewin defines \( + \hat{x} \) to be up to the right.",,,,,,,0,35,45
0:45:00,1:47:00,"Introduction to Position, Velocity, and Acceleration",1,"MIT - Position, Velocity, Acceleration (Lecture 2)",http://www.youtube.com/watch?v=8Ig-e509uRQ,Note,3,"Average velocity: \[ \bar{v}_{t_1, t_2} = \frac{ v_{t_2} - v_{t_1}}{t_2 - t_1} \]",,,,,,,0,45,107
1:47:00,3:55:00,"Introduction to Position, Velocity, and Acceleration",1,"MIT - Position, Velocity, Acceleration (Lecture 2)",http://www.youtube.com/watch?v=8Ig-e509uRQ,Note,4,"Velocity is a vector quantity, thus a negative velocity means motion in the negative \( \hat{x} \) direction. This comes out nicely in the way that the average velocity is defined as a change in displacement over a change in time.",,,,,,,0,107,235
3:55:00,5:19:00,"Introduction to Position, Velocity, and Acceleration",1,"MIT - Position, Velocity, Acceleration (Lecture 2)",http://www.youtube.com/watch?v=8Ig-e509uRQ,Note,5,"On a graph of position-time, average velocity is just the slope of the line connecting two points on the graph.",,,,,,,0,235,319
5:19:00,6:55:00,"Introduction to Position, Velocity, and Acceleration",1,"MIT - Position, Velocity, Acceleration (Lecture 2)",http://www.youtube.com/watch?v=8Ig-e509uRQ,Note,6,"There is a big difference between speed and velocity! Speed is a scalar quantity, measuring how fast an object travels but says nothing about its direction -- it is the magnitude of the velocity. Thus, if an object travels out some distance and then back to its starting point, it will have a zero average velocity (since the net displacement is zero) but its speed will be non-negative.",,,,,,,0,319,415
6:55:00,10:00:00,"Introduction to Position, Velocity, and Acceleration",1,"MIT - Position, Velocity, Acceleration (Lecture 2)",http://www.youtube.com/watch?v=8Ig-e509uRQ,Note,7,"The instantaneous velocity is just the derivative of position, \[ \mathbf v = \frac{d \mathbf x}{dt}  \]",,,,,,,0,415,600
10:00:00,SKIP,"Introduction to Position, Velocity, and Acceleration",1,"MIT - Position, Velocity, Acceleration (Lecture 2)",http://www.youtube.com/watch?v=8Ig-e509uRQ,Note,8,End of introduction to velocity,,,,,,,0,600,601
17:35:00,18:20:00,"Introduction to Position, Velocity, and Acceleration",1,"MIT - Position, Velocity, Acceleration (Lecture 2)",http://www.youtube.com/watch?v=8Ig-e509uRQ,Note,9,Introduction to average acceleration,,,,,,,0,1055,1100
18:20:00,19:30:00,"Introduction to Position, Velocity, and Acceleration",1,"MIT - Position, Velocity, Acceleration (Lecture 2)",http://www.youtube.com/watch?v=8Ig-e509uRQ,Note,10,"Average acceleration: \[ \bar{a}_{t_1,t_2} = \frac{a_{t_2} - a_{t_1}}{t_2-t_1} \]",,,,,,,0,1100,1170
19:30:00,19:48:00,"Introduction to Position, Velocity, and Acceleration",1,"MIT - Position, Velocity, Acceleration (Lecture 2)",http://www.youtube.com/watch?v=8Ig-e509uRQ,Note,11,Acceleration has units of meters per second squared.,,,,,,,0,1170,1188
19:48:00,20:05:00,"Introduction to Position, Velocity, and Acceleration",1,"MIT - Position, Velocity, Acceleration (Lecture 2)",http://www.youtube.com/watch?v=8Ig-e509uRQ,Note,12,Instantaneous acceleration is just \[ \mathbf a = \frac{d \mathbf v}{dt}  = \frac{d^2 \mathbf x}{dt^2}  \],,,,,,,0,1188,1205
20:05:00,END,"Introduction to Position, Velocity, and Acceleration",1,"MIT - Position, Velocity, Acceleration (Lecture 2)",http://www.youtube.com/watch?v=8Ig-e509uRQ,Note,13,End of Lesson,,,,,,,0,1205,1206
27:50:00,28:48:00,"Example with Position, Velocity, and Acceleration",2,"MIT - Example with Postion, Velocity, Acceleration (Lecture 2)",http://www.youtube.com/watch?v=8Ig-e509uRQ,Note,1,Example: \( x(t) = 8- 6t+t^2 \),,,,,,,0,1670,1728
28:48:00,28:54:00,"Example with Position, Velocity, and Acceleration",2,"MIT - Example with Postion, Velocity, Acceleration (Lecture 2)",http://www.youtube.com/watch?v=8Ig-e509uRQ,Note,2,\[ v(t) = \frac{dx}{dt} = 2 t - 6 \],,,,,,,0,1728,1734
28:54:00,29:00:00,"Example with Position, Velocity, and Acceleration",2,"MIT - Example with Postion, Velocity, Acceleration (Lecture 2)",http://www.youtube.com/watch?v=8Ig-e509uRQ,Note,3,\[ a(t) = \frac{dv}{dt} = 2 \],,,,,,,0,1734,1740
29:00:00,30:00:00,"Example with Position, Velocity, and Acceleration",2,"MIT - Example with Postion, Velocity, Acceleration (Lecture 2)",http://www.youtube.com/watch?v=8Ig-e509uRQ,Note,4,Types of questions in kinematics: What is the velocity or acceleration at time \( t \)? What is the time when the position or velocity is a certain value?,,,,,,,0,1740,1800
30:00:00,34:20:00,"Example with Position, Velocity, and Acceleration",2,"MIT - Example with Postion, Velocity, Acceleration (Lecture 2)",http://www.youtube.com/watch?v=8Ig-e509uRQ,Note,5,"Making position, velocity, and acceleration graphs.",,,,,,,0,1800,2060
34:20:00,35:00:00,"Example with Position, Velocity, and Acceleration",2,"MIT - Example with Postion, Velocity, Acceleration (Lecture 2)",http://www.youtube.com/watch?v=8Ig-e509uRQ,Note,6,General expression for position and velocity under constant acceleration.,,,,,,,0,2060,2100
35:00:00,35:22:00,"Example with Position, Velocity, and Acceleration",2,"MIT - Example with Postion, Velocity, Acceleration (Lecture 2)",http://www.youtube.com/watch?v=8Ig-e509uRQ,Note,7,\[ x(t) = C_1 + C_2 t + C_3 t^2 \],,,,,,,0,2100,2122
35:22:00,35:35:00,"Example with Position, Velocity, and Acceleration",2,"MIT - Example with Postion, Velocity, Acceleration (Lecture 2)",http://www.youtube.com/watch?v=8Ig-e509uRQ,Note,8,\[ v(t) = \frac{dx}{dt} = C_2 + 2 C_3 t \],,,,,,,0,2122,2135
35:35:00,38:14:00,"Example with Position, Velocity, and Acceleration",2,"MIT - Example with Postion, Velocity, Acceleration (Lecture 2)",http://www.youtube.com/watch?v=8Ig-e509uRQ,Note,9,\[ a(t) = \frac{dv}{dt} = 2 C_3 \],,,,,,,0,2135,2294
38:14:00,END,"Example with Position, Velocity, and Acceleration",2,"MIT - Example with Postion, Velocity, Acceleration (Lecture 2)",http://www.youtube.com/watch?v=8Ig-e509uRQ,Note,10,End of Lesson,,,,,,,0,2294,2295
0:00:00,1:10:00,Introduction to Vectors,3,MIT - Introduction to Vectors (Lecture 3),http://www.youtube.com/watch?v=fwNQKjTj-0w,Note,1,Introduction to vectors and vector addition,,,,,,,0,0,70
1:10:00,1:15:00,Introduction to Vectors,3,MIT - Introduction to Vectors (Lecture 3),http://www.youtube.com/watch?v=fwNQKjTj-0w,Note,2,"When writing out solutions, an ""x"" on the paper indicates a vector going *into* the page, while a dot indicates a vector coming out of the page.",,,,,,,0,70,75
1:15:00,3:30:00,Introduction to Vectors,3,MIT - Introduction to Vectors (Lecture 3),http://www.youtube.com/watch?v=fwNQKjTj-0w,Note,3,"In general, Learnstream will use ""math boldface"" to denote vectors. Thus, \( \mathbf a \) is the vector \( \vec{a} \).",,,,,,,0,75,210
3:30:00,4:40:00,Introduction to Vectors,3,MIT - Introduction to Vectors (Lecture 3),http://www.youtube.com/watch?v=fwNQKjTj-0w,Note,4,"Adding vectors - The sum of two vectors \( \mathbf A \) and \( \mathbf B \) can be found by placing them head-to-tail and drawing the ""resultant"" as shown. This is useful for understanding the geometric significance.",,,,,,,0,210,280
4:40:00,5:50:00,Introduction to Vectors,3,MIT - Introduction to Vectors (Lecture 3),http://www.youtube.com/watch?v=fwNQKjTj-0w,Note,5,"A ""negative"" sign in front of a vector simply means the vector is flipped by \( 180^\circ \).",,,,,,,0,280,350
5:50:00,7:55:00,Introduction to Vectors,3,MIT - Introduction to Vectors (Lecture 3),http://www.youtube.com/watch?v=fwNQKjTj-0w,Note,6,Subtracting vectors can be achieved by adding the negative of the vector you want to subtract.,,,,,,,0,350,475
7:55:00,8:00:00,Introduction to Vectors,3,MIT - Introduction to Vectors (Lecture 3),http://www.youtube.com/watch?v=fwNQKjTj-0w,Note,7,The triangle inequality addresses this idea -- \[ |\mathbf A + \mathbf B| \le |\mathbf A| + |\mathbf B| \],,,,,,,0,475,480
8:00:00,10:30:00,Introduction to Vectors,3,MIT - Introduction to Vectors (Lecture 3),http://www.youtube.com/watch?v=fwNQKjTj-0w,Note,8,"Decomposition of vectors - We can ""project"" a vector onto each axis to get its component in each of the orthogonal axis directions \( \hat{x}, \hat{y}, \hat{z} \). This is called ""vector decomposition.""",,,,,,,0,480,630
10:30:00,11:27:00,Introduction to Vectors,3,MIT - Introduction to Vectors (Lecture 3),http://www.youtube.com/watch?v=fwNQKjTj-0w,Note,9,Any vector \( \mathbf A \) can be decomposed such that \[ \mathbf A = A_x \hat{x} + A_y \hat{y} + A_z \hat{z} \],,,,,,,0,630,687
11:27:00,11:35:00,Introduction to Vectors,3,MIT - Introduction to Vectors (Lecture 3),http://www.youtube.com/watch?v=fwNQKjTj-0w,Quiz,10,,,6,What is the magnitude of \( \uvec y \)?,text,1&one,"\( \hat y \) is the unit vector pointing along the y-axis. Because it is a unit vector, it has unit length, or magnitude of 1. Thus, \[ |\hat y| = 1 \]",0,687,695
11:35:00,12:30:00,Introduction to Vectors,3,MIT - Introduction to Vectors (Lecture 3),http://www.youtube.com/watch?v=fwNQKjTj-0w,Note,11,The magnitude of a vector \( \mathbf A \) is just \[ |A| = \sqrt{A_x^2 + A_y^2 + A_z^2} \],,,,,,,0,695,750
12:30:00,12:50:00,Introduction to Vectors,3,MIT - Introduction to Vectors (Lecture 3),http://www.youtube.com/watch?v=fwNQKjTj-0w,Quiz,12,,,133,What is the magnitude of \( \mathbf B = 3\hat x - 2\hat y + 6\hat z \)? (number only),text,7&seven,"The magnitude of a vector is given by \( |\mathbf B| = \sqrt{B_x^2 + B_y^2 + B_z^2} \). Thus, we compute \[ |\mathbf B| = \sqrt{3^2 + (-2)^2 + 6^2} = \sqrt{49} = 7 \]",0,750,770
12:50:00,13:45:00,Introduction to Vectors,3,MIT - Introduction to Vectors (Lecture 3),http://www.youtube.com/watch?v=fwNQKjTj-0w,Note,13,The magnitude of \( \mathbf A = 3 \uvec x - 5 \uvec y + 6 \uvec z \) is just \[ |\mathbf A| = \sqrt{3^2 + (-5)^2 + 6^2} = \sqrt{70} \] ,,,,,,,0,770,825
13:45:00,END,Introduction to Vectors,3,MIT - Introduction to Vectors (Lecture 3),http://www.youtube.com/watch?v=fwNQKjTj-0w,Note,14,End of Lesson,,,,,,,0,825,826
13:50:00,14:35:00,Multiplication of Vectors,4,MIT - Multiplication of Vectors (Lecture 3),http://www.youtube.com/watch?v=fwNQKjTj-0w,Note,1,Multiplication of vectors,,,,,,,0,830,875
14:35:00,15:45:00,Multiplication of Vectors,4,MIT - Multiplication of Vectors (Lecture 3),http://www.youtube.com/watch?v=fwNQKjTj-0w,Note,2,"The dot product (sometimes called ""scalar product"") is defined as \[ \mathbf A \cdot \mathbf B = A_x B_x + A_y B_y + A_z B_z \] Intuitively, the dot product is multiplying parallel components of vectors, and the result is always a scalar.",,,,,,,0,875,945
15:45:00,17:40:00,Multiplication of Vectors,4,MIT - Multiplication of Vectors (Lecture 3),http://www.youtube.com/watch?v=fwNQKjTj-0w,Note,3,"The dot product can also be found by \[ \mathbf A \cdot \mathbf B = |A||B| \cos \theta \] where \( \theta \) is the angle between the two vectors when they are put tail to tail. Both above definitions are equivalent, and sometimes one is easier to compute than the other.",,,,,,,0,945,1060
17:40:00,17:50:00,Multiplication of Vectors,4,MIT - Multiplication of Vectors (Lecture 3),http://www.youtube.com/watch?v=fwNQKjTj-0w,Quiz,4,,,8,Let \( \mathbf A = 3 \hat x - 2\hat y + 5\hat z \) and \( \mathbf B = 1 \hat x + 1\hat y - 4 \hat z \). What is \( \mathbf A \cdot \mathbf B \)? (number only),text,-19&- 19,We compute the dot product as \( \mathbf A \cdot \mathbf B = A_x B_x + A_y B_y + A_z B_z \) and so \[ \mathbf A \cdot \mathbf B = 3 \cdot 1 - 2 \cdot 1 + 5\cdot (-4) = -19 \],0,1060,1070
17:50:00,19:30:00,Multiplication of Vectors,4,MIT - Multiplication of Vectors (Lecture 3),http://www.youtube.com/watch?v=fwNQKjTj-0w,Note,5,Example,,,,,,,0,1070,1170
19:30:00,20:00:00,Multiplication of Vectors,4,MIT - Multiplication of Vectors (Lecture 3),http://www.youtube.com/watch?v=fwNQKjTj-0w,Note,6,The dot product of perpendicular vectors is always 0,,,,,,,0,1170,1200
20:00:00,23:55:00,Multiplication of Vectors,4,MIT - Multiplication of Vectors (Lecture 3),http://www.youtube.com/watch?v=fwNQKjTj-0w,Note,7,Cross product explanation.,,,,,,,0,1200,1435
23:55:00,25:00:00,Multiplication of Vectors,4,MIT - Multiplication of Vectors (Lecture 3),http://www.youtube.com/watch?v=fwNQKjTj-0w,Note,8,Geometric definition of cross product - \[ \mathbf A \times \mathbf B = |A||B| \sin \theta \],,,,,,,0,1435,1500
25:00:00,27:15:00,Multiplication of Vectors,4,MIT - Multiplication of Vectors (Lecture 3),http://www.youtube.com/watch?v=fwNQKjTj-0w,Note,9,Right hand rule for determining the direction of a cross product. The result of \( \mathbf A \times \mathbf B \) is *always* perpendicular to both \( \mathbf A \) and \( \mathbf B \)!,,,,,,,0,1500,1635
27:15:00,29:00:00,Multiplication of Vectors,4,MIT - Multiplication of Vectors (Lecture 3),http://www.youtube.com/watch?v=fwNQKjTj-0w,Note,10,\[ \mathbf A \times \mathbf B = - \mathbf B \times \mathbf A \],,,,,,,0,1635,1740
29:00:00,30:19:00,Multiplication of Vectors,4,MIT - Multiplication of Vectors (Lecture 3),http://www.youtube.com/watch?v=fwNQKjTj-0w,Note,11,"Difference between left-handed and right-handed coordinate systems is very important! We always use a right-handed coordinate system, such that \[ \hat{x} \times \hat{y} = + \hat{z} \]",,,,,,,0,1740,1819
30:19:00,30:20:00,Multiplication of Vectors,4,MIT - Multiplication of Vectors (Lecture 3),http://www.youtube.com/watch?v=fwNQKjTj-0w,Quiz,12,,,131,How can we test if two vectors are perpendicular?,self-rate,Two vectors are perpendicular if their dot product is zero.,"We can see this from the geometric definition of the dot product -- \[ \mathbf A \cdot \mathbf B = |\mathbf A| |\mathbf B| \cos \theta \] The cosine will be zero for \( \theta = 90^\circ \) or \( \theta = 270^\circ \), both of which produce perpendicular vectors.",0,1819,1820
30:20:00,30:21:00,Multiplication of Vectors,4,MIT - Multiplication of Vectors (Lecture 3),http://www.youtube.com/watch?v=fwNQKjTj-0w,Quiz,13,,,134,Let \( \mathbf A = 5 \uvec x + 7 \uvec y - 2 \uvec z \). What is the z-component of \( 5 \mathbf A \)?,text,-10&- 10,"Multiplying a vector by a scalar will ""scale"" the vector -- \[ 5 \mathbf A = 5 \cdot 5 \uvec x + 5 \cdot 7 \uvec y - 5 \cdot 2 \uvec z  = 25 \uvec x + 35 \uvec y - 10 \uvec z \] Thus, the z-component is -10.",0,1820,1821
30:21:00,END,Multiplication of Vectors,4,MIT - Multiplication of Vectors (Lecture 3),http://www.youtube.com/watch?v=fwNQKjTj-0w,Note,14,End of Lesson,,,,,,,0,1821,1822
0:03:00,1:32:00,Conservation of momentum example - Ice skater,5,Khan - Example - Ice skater throws a ball,http://www.youtube.com/watch?v=vPkkCOlGND4,Note,1,"Problem setup: An ice skater is on an ice rink, holding a \( 0.15 \text{ kg } \) ball. She throws the ball exactly straight forward, with a velocity of \( 35 \text{ m/s } \). The combined mass of the skater and the ball is \( 50 \text{ kg }\). We want to calculate her velocity after she throws the ball.",,,,,,,0,3,92
1:32:00,1:50:00,Conservation of momentum example - Ice skater,5,Khan - Example - Ice skater throws a ball,http://www.youtube.com/watch?v=vPkkCOlGND4,Note,2,We define our coordinate system -- \( +\hat{x} \) is to the right.,,,,,,,0,92,110
1:50:00,1:57:00,Conservation of momentum example - Ice skater,5,Khan - Example - Ice skater throws a ball,http://www.youtube.com/watch?v=vPkkCOlGND4,Quiz,3,,,37,Why is momentum conserved in this problem?,self-rate,"Momentum is conserved because there are no *external* forces acting on the system. The ice skater does exert a force on the ball, but the ""system"" we are conserving momentum in includes both the skater and the ball (and thus that force is not ""external"" to the system). We are also only considering momentum in the \( \hat{x} \) direction, thus we can neglect the normal force and the gravitational force, which act in the \( \hat{y} \) direction. Because the skater is on ice, the frictional force (which might act in the \( \hat{x} \) direction) is negligible. ",,1,110,117
1:57:00,2:12:00,Conservation of momentum example - Ice skater,5,Khan - Example - Ice skater throws a ball,http://www.youtube.com/watch?v=vPkkCOlGND4,Quiz,4,,,85,What is the initial momentum of the system? (number only!),text,0&zero&none,"Because all components of the system are at rest (ie, their velocity is zero), the initial momentum is just zero: \[ p = m_{\text{skater}} v_{\text{skater}} + m_{\text{ball}} v_{\text{ball}} = 0 \]",1,117,132
2:12:00,3:40:00,Conservation of momentum example - Ice skater,5,Khan - Example - Ice skater throws a ball,http://www.youtube.com/watch?v=vPkkCOlGND4,Note,5,"It is usually best to work symbolically, and plug in numbers at the end. This reduces rounding errors, and allows you to see the abstract relationships more easily.",,,,,,,0,132,220
3:40:00,4:00:00,Conservation of momentum example - Ice skater,5,Khan - Example - Ice skater throws a ball,http://www.youtube.com/watch?v=vPkkCOlGND4,Quiz,6,,,38,What is the final momentum for the system?,self-rate,"The final momentum is still zero, because momentum is conserved! Conservation of momentum means \( p_i = p_f \).",,1,220,240
4:00:00,5:20:00,Conservation of momentum example - Ice skater,5,Khan - Example - Ice skater throws a ball,http://www.youtube.com/watch?v=vPkkCOlGND4,Note,7," \[ v_{f, \text{skater}} = - \frac{v_{f,\text{ball}} m_{\text{ball}}}{m_{\text{skater}}} \] ",,,,,,,0,240,320
5:20:00,5:31:00,Conservation of momentum example - Ice skater,5,Khan - Example - Ice skater throws a ball,http://www.youtube.com/watch?v=vPkkCOlGND4,Quiz,8,,,57,Why does the skater have a much slower final velocity than the ball does?,self-rate,"By Newton's third law, we know the force exerted on the ball by the skater and the force exerted on the skater by the ball are equal and opposite. Because the skater is much more massive than the ball, by Newton's second law ( \( F = m a \) ) she must have a smaller acceleration than the ball for the equivalent force!",,1,320,331
5:31:00,5:59:00,Conservation of momentum example - Ice skater,5,Khan - Example - Ice skater throws a ball,http://www.youtube.com/watch?v=vPkkCOlGND4,Note,9,"You can think about Newton's third law in terms of conservation of momentum. If two bodies interact with each other in the absence of external forces, momentum must be conserved. If Object 2 experiences a change in momentum \( \Delta p_2 \) from the force exerted by Object 1, to conserve momentum it must be that Object 1 experiences a change in momentum \( \Delta p_1 = - \Delta p_2 \). But, this change in momentum must arise from a force exerted by Object 2, and since the changes in momentum are equal and opposite, the forces that produced them must also be equal and opposite as is required by Newton's third law!",,,,,,,0,331,359
5:59:00,END,Conservation of momentum example - Ice skater,5,Khan - Example - Ice skater throws a ball,http://www.youtube.com/watch?v=vPkkCOlGND4,Note,10,End of Lesson,,,,,,,0,359,360
0:02:00,0:50:00,Newton's 1st and 2nd Laws,6,MIT - Newton's 1st and 2nd Laws (Lecture 6),http://www.youtube.com/watch?v=M_8w-dD4RBE,Note,1,Beginning of lesson on Newton's Laws,,,,,,,0,2,50
0:50:00,1:00:00,Newton's 1st and 2nd Laws,6,MIT - Newton's 1st and 2nd Laws (Lecture 6),http://www.youtube.com/watch?v=M_8w-dD4RBE,Note,2,Newton's first law originated with Galileo's Law of Inertia.,,,,,,,0,50,60
1:00:00,2:08:00,Newton's 1st and 2nd Laws,6,MIT - Newton's 1st and 2nd Laws (Lecture 6),http://www.youtube.com/watch?v=M_8w-dD4RBE,Note,3,"Newton's first law: **Bodies at rest will remain at rest, and bodies in motion will continue to move at constant velocity along a straight line unless acted upon by an external force.**",,,,,,,0,60,128
2:08:00,3:40:00,Newton's 1st and 2nd Laws,6,MIT - Newton's 1st and 2nd Laws (Lecture 6),http://www.youtube.com/watch?v=M_8w-dD4RBE,Note,4,"Newton's first law does not hold in ""non-inertial"" reference frames, that is, reference frames that are themselves accelerating.",,,,,,,0,128,220
3:40:00,4:20:00,Newton's 1st and 2nd Laws,6,MIT - Newton's 1st and 2nd Laws (Lecture 6),http://www.youtube.com/watch?v=M_8w-dD4RBE,Note,5,"Your reference frame (standing on earth) is actually non-inertial, because the earth is rotating about its axis and is also orbiting the sun, both of which give rise to centripetal accelerations. These centripetal accelerations, however, are very small.",,,,,,,0,220,260
4:20:00,7:00:00,Newton's 1st and 2nd Laws,6,MIT - Newton's 1st and 2nd Laws (Lecture 6),http://www.youtube.com/watch?v=M_8w-dD4RBE,Note,6,"To estimate the size of the centripetal acceleration at the equator, we calculate: \[ a_c = \omega^2 R \] we can find \( \omega \) as \[ \omega = \frac{2 \pi}{T} = \frac{2 \pi}{3600 \units{s/hr} \cdot 24\units{hr}} \approx 7.3 \times 10^{-5} \units{rad/s} \] and \( R \approx 6.4 \times 10^6 \units{m} \) is the radius of the earth. Thus, we find \[ a_c \approx 0.034 \unitsf{m}{s^2} \] which is extremely small -- compare \( g \approx 9.8 \units{m/s} \). Thus, reference frames on earth are practically inertial.",,,,,,,0,260,420
7:00:00,8:05:00,Newton's 1st and 2nd Laws,6,MIT - Newton's 1st and 2nd Laws (Lecture 6),http://www.youtube.com/watch?v=M_8w-dD4RBE,Note,7,Experiment demonstrating Newton's second law.,,,,,,,0,420,485
8:05:00,8:30:00,Newton's 1st and 2nd Laws,6,MIT - Newton's 1st and 2nd Laws (Lecture 6),http://www.youtube.com/watch?v=M_8w-dD4RBE,Note,8,\( m_1 a_1 = m_2 a_2 \) means that the same force on an object with 10 times the mass will produce 1/10th the acceleration.,,,,,,,0,485,510
8:30:00,9:20:00,Newton's 1st and 2nd Laws,6,MIT - Newton's 1st and 2nd Laws (Lecture 6),http://www.youtube.com/watch?v=M_8w-dD4RBE,Note,9,"Newton's second law: \[ \mathbf F = m \mathbf a \] a net force on an object produces an acceleration in the direction of that force, proportional to the mass of the object.",,,,,,,0,510,560
9:20:00,9:40:00,Newton's 1st and 2nd Laws,6,MIT - Newton's 1st and 2nd Laws (Lecture 6),http://www.youtube.com/watch?v=M_8w-dD4RBE,Note,10,"Force has units \[ \units{\left[ mass \right] \cdot \left[ acceleration \right]} \rightarrow \unitsf{kg\ m}{s^2} \] This is called a ""Newton"".",,,,,,,0,560,580
9:40:00,11:20:00,Newton's 1st and 2nd Laws,6,MIT - Newton's 1st and 2nd Laws (Lecture 6),http://www.youtube.com/watch?v=M_8w-dD4RBE,Note,11,Newton's second law also only holds in inertial reference frames.,,,,,,,0,580,680
11:20:00,12:30:00,Newton's 1st and 2nd Laws,6,MIT - Newton's 1st and 2nd Laws (Lecture 6),http://www.youtube.com/watch?v=M_8w-dD4RBE,Note,12,"Because the acceleration due to earth's gravity (near the surface) is a constant \( g = 9.8 \units{m/s^2} \), we can write a *force* due to gravity as \[ F_g = m g \] This force is always directed down towards the earth's center.",,,,,,,0,680,750
12:30:00,13:00:00,Newton's 1st and 2nd Laws,6,MIT - Newton's 1st and 2nd Laws (Lecture 6),http://www.youtube.com/watch?v=M_8w-dD4RBE,Note,13,"A ball of mass \( m \) resting on a table will experience a gravitational force \( F_g = m g \). Because it is not accelerating, we know there must be no net force on the ball. The table must exert a ""normal force"" \( F_N = - mg \)  to balance the gravitational force. Thus, \( F_g + F_N = 0 \), and the ball is not accelerating.",,,,,,,0,750,780
13:00:00,13:20:00,Newton's 1st and 2nd Laws,6,MIT - Newton's 1st and 2nd Laws (Lecture 6),http://www.youtube.com/watch?v=M_8w-dD4RBE,Note,14,"The ""normal force"" is generated when two objects are in contact with each other. It is always directed perpendicular to the surface of contact (*normal* is a synonym for *perpendicular*).",,,,,,,0,780,800
13:20:00,14:12:00,Newton's 1st and 2nd Laws,6,MIT - Newton's 1st and 2nd Laws (Lecture 6),http://www.youtube.com/watch?v=M_8w-dD4RBE,Note,15,"Newton's second law implies that if we know the mass of an object and the forces acting on it, the acceleration is uniquely determined. We do *not* need to know anything about its speed! Thus, Newton's 2nd law holds equally well for a stationary object as for one in constant motion. Disclaimer: when velocities near the speed of light, Newtonian mechanics no longer hold and we must use relativity.",,,,,,,0,800,852
14:12:00,END,Newton's 1st and 2nd Laws,6,MIT - Newton's 1st and 2nd Laws (Lecture 6),http://www.youtube.com/watch?v=M_8w-dD4RBE,Note,16,End of MIT Lecture on Newton's 1st and 2nd Laws,,,,,,,0,852,853
14:20:00,14:35:00,Newton's 3rd Law,7,MIT - Newton's 3rd Law (Lecture 6),http://www.youtube.com/watch?v=M_8w-dD4RBE,Note,1,"Newton's Third Law: If one object exerts a force on another, the other exerts the same force, in the opposite direction, on the one.",,,,,,,0,860,875
14:35:00,14:50:00,Newton's 3rd Law,7,MIT - Newton's 3rd Law (Lecture 6),http://www.youtube.com/watch?v=M_8w-dD4RBE,Note,2,"Students can often repeat Newton's third law, but don't really understand when it comes time to do a problem. *Any* time two bodies exert a force on each other, the forces are always equal and opposite!",,,,,,,0,875,890
14:50:00,15:45:00,Newton's 3rd Law,7,MIT - Newton's 3rd Law (Lecture 6),http://www.youtube.com/watch?v=M_8w-dD4RBE,Note,3,"""Action"" = - ""Reaction""",,,,,,,0,890,945
15:45:00,16:00:00,Newton's 3rd Law,7,MIT - Newton's 3rd Law (Lecture 6),http://www.youtube.com/watch?v=M_8w-dD4RBE,Note,4,"Newton's Third law *always* holds, whether objects are accelerating or not!",,,,,,,0,945,960
16:00:00,17:12:00,Newton's 3rd Law,7,MIT - Newton's 3rd Law (Lecture 6),http://www.youtube.com/watch?v=M_8w-dD4RBE,Note,5,"Example of Newton's 2nd law; Force on two blocks, find acceleration of whole system",,,,,,,0,960,1032
17:12:00,18:23:00,Newton's 3rd Law,7,MIT - Newton's 3rd Law (Lecture 6),http://www.youtube.com/watch?v=M_8w-dD4RBE,Note,6,"Example of Newton's 2nd law, to find the force \( F_{12} \)",,,,,,,0,1032,1103
18:23:00,19:30:00,Newton's 3rd Law,7,MIT - Newton's 3rd Law (Lecture 6),http://www.youtube.com/watch?v=M_8w-dD4RBE,Note,7,"Example of Newton's 2nd law, to find the force \( F_{21} \)",,,,,,,0,1103,1170
19:30:00,20:27:00,Newton's 3rd Law,7,MIT - Newton's 3rd Law (Lecture 6),http://www.youtube.com/watch?v=M_8w-dD4RBE,Note,8,These forces are consistent with Newton's 3rd law!,,,,,,,0,1170,1227
20:27:00,SKIP,Newton's 3rd Law,7,MIT - Newton's 3rd Law (Lecture 6),http://www.youtube.com/watch?v=M_8w-dD4RBE,Note,9,End of MIT Lecture on Newton's 3rd Law.,,,,,,,0,1227,1228
0:00:00,1:38:00,Newton's 3rd Law,7,MIT - Newton's 3rd Law (Lecture 6),http://www.youtube.com/watch?v=8bTdMmNZm2M,Note,10,Beginning of misconceptions video about Newton's 3rd Law.,,,,,,,0,0,98
1:38:00,1:59:00,Newton's 3rd Law,7,MIT - Newton's 3rd Law (Lecture 6),http://www.youtube.com/watch?v=8bTdMmNZm2M,Note,11,The force attracting the moon to the earth is exactly the same size as the force attracting the earth to the moon. This is a consequence of Newton's third law!,,,,,,,0,98,119
1:59:00,3:08:00,Newton's 3rd Law,7,MIT - Newton's 3rd Law (Lecture 6),http://www.youtube.com/watch?v=8bTdMmNZm2M,Note,12,"The earth doesn't move very much because it is much more massive. By Newton's 2nd law, the same force will produce a greater acceleration for the moon (which has a much smaller mass) than for the earth (which has a much larger mass).",,,,,,,0,119,188
3:08:00,3:22:00,Newton's 3rd Law,7,MIT - Newton's 3rd Law (Lecture 6),http://www.youtube.com/watch?v=8bTdMmNZm2M,Note,13,"You've got to internalize Newton's third law so it comes naturally when solving problems! Whenever two bodies are interacting via some force, that force is *the same size* -- the force exerted on body 1 by body 2 is equal and opposite to the force exerted on body 2 by body 1!",,,,,,,0,188,202
3:22:00,4:36:00,Newton's 3rd Law,7,MIT - Newton's 3rd Law (Lecture 6),http://www.youtube.com/watch?v=8bTdMmNZm2M,Note,14,Intuitive explanation of Newton's third law.,,,,,,,0,202,276
4:36:00,END,Newton's 3rd Law,7,MIT - Newton's 3rd Law (Lecture 6),http://www.youtube.com/watch?v=8bTdMmNZm2M,Note,15,End of misconceptions video about Newton's 3rd Law,,,,,,,0,276,277
31:25:00,31:26:00,Example of Newton's Laws with Hanging Mass,8,MIT - Example of Newton's Laws with Hanging Mass (Lecture 6),http://www.youtube.com/watch?v=M_8w-dD4RBE,Note,1,Involved example with Newton's laws.,,,,,,,0,1885,1886
31:26:00,33:26:00,Example of Newton's Laws with Hanging Mass,8,MIT - Example of Newton's Laws with Hanging Mass (Lecture 6),http://www.youtube.com/watch?v=M_8w-dD4RBE,Note,2,"A mass \( m \) hangs from two strings attached to the ceiling, one at \( 60^\circ \) and one at \( 45^\circ \). Find the tensional force in each string.",,,,,,,0,1886,2006
33:26:00,33:50:00,Example of Newton's Laws with Hanging Mass,8,MIT - Example of Newton's Laws with Hanging Mass (Lecture 6),http://www.youtube.com/watch?v=M_8w-dD4RBE,Quiz,3,,,"62,2",What is the \( \uvec y \)-component of the gravitational force on the mass?,text,-mg&- mg&-m g&- m g,"The \( \uvec y \)-component of the gravitational force is \( -mg \). Because we drew the y-axis to point upwards, the gravitational force (which points downwards) shows up as a negative -- that is, it is in the opposite direction as the positive y-axis. There is no \( \uvec x \)-component, because the gravitational force always points straight down.",1,2006,2030
33:50:00,33:55:00,Example of Newton's Laws with Hanging Mass,8,MIT - Example of Newton's Laws with Hanging Mass (Lecture 6),http://www.youtube.com/watch?v=M_8w-dD4RBE,Note,4,We know from Newton's 2nd law that \[ \mathbf F = m \mathbf a = 0 \] since the mass is not moving.,,,,,,,0,2030,2035
33:55:00,33:58:00,Example of Newton's Laws with Hanging Mass,8,MIT - Example of Newton's Laws with Hanging Mass (Lecture 6),http://www.youtube.com/watch?v=M_8w-dD4RBE,Note,5,We can decompose the vector \( \mathbf F \) into \( \hat x \) and \( \hat y \) components.,,,,,,,0,2035,2038
33:58:00,34:00:00,Example of Newton's Laws with Hanging Mass,8,MIT - Example of Newton's Laws with Hanging Mass (Lecture 6),http://www.youtube.com/watch?v=M_8w-dD4RBE,Note,6,"\[ \sum F_x = 0, \sum F_y = 0 \]",,,,,,,0,2038,2040
34:00:00,34:12:00,Example of Newton's Laws with Hanging Mass,8,MIT - Example of Newton's Laws with Hanging Mass (Lecture 6),http://www.youtube.com/watch?v=M_8w-dD4RBE,Quiz,7,,,2,What is the component of \( T_1 \) in the \( \uvec x \) direction?,self-rate,\[ T_1 \cos 60^\circ \],"We want to take the component of \( \mathbf T_1 \) in the x-direction. From the problem, we know that \( T_1 \) makes an angle of \( 60^\circ \) with the x-axis, and so by drawing in the appropriate right triangle we see that the leg along the x-axis has a magnitude of \( T_1 \cos 60^\circ \).",1,2040,2052
34:12:00,36:00:00,Example of Newton's Laws with Hanging Mass,8,MIT - Example of Newton's Laws with Hanging Mass (Lecture 6),http://www.youtube.com/watch?v=M_8w-dD4RBE,Note,8,\[ \sum F_x = T_1 \cos 60^\circ - T_2 \cos 45^\circ = 0 \] \[ \sum F_x = \frac{1}{2} T_1 - \frac{\sqrt{2}}{2} T_2 = 0 \],,,,,,,0,2052,2160
36:00:00,36:30:00,Example of Newton's Laws with Hanging Mass,8,MIT - Example of Newton's Laws with Hanging Mass (Lecture 6),http://www.youtube.com/watch?v=M_8w-dD4RBE,Note,9,\[ \sum F_y = T_1 \sin 60^\circ + T_2 \sin 45^\circ - mg = 0 \] \[ \sum F_y = \frac{\sqrt{3}}{2} T_1 + \frac{\sqrt{2}}{2} T_2 - mg= 0 \],,,,,,,0,2160,2190
36:30:00,37:00:00,Example of Newton's Laws with Hanging Mass,8,MIT - Example of Newton's Laws with Hanging Mass (Lecture 6),http://www.youtube.com/watch?v=M_8w-dD4RBE,Note,10,"Solving for \( T_1 \) by adding the two equations, we see that \[ \frac{1}{2} T_1 + \frac{\sqrt{3}}{2} T_1 = mg \] and so \[ T_1 = \frac{2 m g}{1+ \sqrt{3}} \]",,,,,,,0,2190,2220
37:00:00,37:20:00,Example of Newton's Laws with Hanging Mass,8,MIT - Example of Newton's Laws with Hanging Mass (Lecture 6),http://www.youtube.com/watch?v=M_8w-dD4RBE,Note,11,"These types of problems are known as ""static equilibrium"" problems, and can always be solved by 
\begin{align} &\text{1). Drawing the free body diagram, } \\ 
&\text{2). Writing down the sum of the forces in the \( \uvec x \) and \( \uvec y \) directions (which are equal to zero, because the mass is not accelerating), and} \\ 
&\text{3). Solving for the desired quantities.} \end{align}",,,,,,,0,2220,2240
37:20:00,38:40:00,Example of Newton's Laws with Hanging Mass,8,MIT - Example of Newton's Laws with Hanging Mass (Lecture 6),http://www.youtube.com/watch?v=M_8w-dD4RBE,Note,12,"Plugging back in and solving for \( T_2 \), we see \[ \frac{1}{2} T_1 = \frac{\sqrt{2}}{2} T_2 \rightarrow \] \[ T_2 = \frac{T_1}{\sqrt{2}} \]",,,,,,,0,2240,2320
38:40:00,42:41:00,Example of Newton's Laws with Hanging Mass,8,MIT - Example of Newton's Laws with Hanging Mass (Lecture 6),http://www.youtube.com/watch?v=M_8w-dD4RBE,Note,13,"Same problem, but using a clever vector addition trick! We know from Newton's 2nd law that \[ \mathbf T_1 + \mathbf T_2 + m \mathbf g = 0 \] If we flip the vector \( m \mathbf g \) over, we get a figure which allows us to easily calculate \( T_1 \) and \( T_2 \) by taking the projection of \( m \mathbf g \) onto each of these rays.",,,,,,,0,2320,2561
42:41:00,END,Example of Newton's Laws with Hanging Mass,8,MIT - Example of Newton's Laws with Hanging Mass (Lecture 6),http://www.youtube.com/watch?v=M_8w-dD4RBE,Note,14,End of example.,,,,,,,0,2561,2562
0:00:00,0:58:00,Introduction to Weight,9,MIT - Introduction to Weight and Weightlessness (Lecture 7),http://www.youtube.com/watch?v=zfTE4J87aQQ,Note,1,MIT: Weight and Weightlessness,,,,,,,0,0,58
0:58:00,1:20:00,Introduction to Weight,9,MIT - Introduction to Weight and Weightlessness (Lecture 7),http://www.youtube.com/watch?v=zfTE4J87aQQ,Note,2," If you stand on a bathroom scale, you exert a force \( \mathbf F = m \mathbf g \) on the scale (measured in Newtons, \(  \units{N} \) ). Weight is defined as the force that the scale exerts on you, \( \mathbf F_s \), in accordance with Newton's 3rd law.",,,,,,,0,58,80
1:20:00,2:00:00,Introduction to Weight,9,MIT - Introduction to Weight and Weightlessness (Lecture 7),http://www.youtube.com/watch?v=zfTE4J87aQQ,Note,3,"You are in an elevator rising with an acceleration of \(\mathbf a\). Gravity exerts a downward force \( \mathbf F_g = mg \) on you, and the scale exerts an upward force \( \mathbf F_s \) on you.",,,,,,,0,80,120
2:00:00,2:10:00,Introduction to Weight,9,MIT - Introduction to Weight and Weightlessness (Lecture 7),http://www.youtube.com/watch?v=zfTE4J87aQQ,Note,4,"Acceleration due to gravity: \[ g = + 9.8 \unitsf{m}{s^2} \]
Conventionally, the gravitational acceleration constant \( g \) is always positive, but make sure you keep track of direction when you solve problems! The gravitational force always points straight down.",,,,,,,0,120,130
2:10:00,2:18:00,Introduction to Weight,9,MIT - Introduction to Weight and Weightlessness (Lecture 7),http://www.youtube.com/watch?v=zfTE4J87aQQ,Quiz,5,,,57,Which of the following is true? \begin{align} &\text{1). } F_s < mg \\ &\text{2). } F_s = mg \\ &\text{3). } F_s > mg \end{align} (enter number only),text,3,"We use Newton's second law to write a force-balance equation: \[ F_s - mg = m a \] Because the elevator has a positive upward acceleration, \( F_s - mg > 0 \) and so \( F_s > mg \).",1,130,138
2:18:00,2:46:00,Introduction to Weight,9,MIT - Introduction to Weight and Weightlessness (Lecture 7),http://www.youtube.com/watch?v=zfTE4J87aQQ,Note,6,Use Newton's second law: \[ \mathbf{F_s} - m\mathbf{g} = m\mathbf{a}\],,,,,,,0,138,166
2:46:00,3:00:00,Introduction to Weight,9,MIT - Introduction to Weight and Weightlessness (Lecture 7),http://www.youtube.com/watch?v=zfTE4J87aQQ,Note,7,Rising in an elevator (where upwards \(\mathbf a\) is positive): \[ \mathbf{F_s} = m(\mathbf a +\mathbf g)\],,,,,,,0,166,180
3:00:00,4:23:00,Introduction to Weight,9,MIT - Introduction to Weight and Weightlessness (Lecture 7),http://www.youtube.com/watch?v=zfTE4J87aQQ,Note,8,"Your *apparent weight* is \( \mathbf F_s \). This is the normal force exerted by the scale! Thus, in an accelerating elevator, you gain weight (even though your mass stays the same).",,,,,,,0,180,263
4:23:00,5:20:00,Introduction to Weight,9,MIT - Introduction to Weight and Weightlessness (Lecture 7),http://www.youtube.com/watch?v=zfTE4J87aQQ,Note,9,Falling in an elevator (where downwards \(\mathbf a\) is positive): \begin{align*} m\mathbf{g} - \mathbf{F_s}  &= m\mathbf{a}  \\ \mathbf{F_s} &= m(\mathbf g - \mathbf a) \end{align*},,,,,,,0,263,320
5:20:00,6:27:00,Introduction to Weight,9,MIT - Introduction to Weight and Weightlessness (Lecture 7),http://www.youtube.com/watch?v=zfTE4J87aQQ,Note,10,"In free fall, where \(\mathbf a = \mathbf g\), you will be weightless.",,,,,,,0,320,387
6:27:00,7:00:00,Introduction to Weight,9,MIT - Introduction to Weight and Weightlessness (Lecture 7),http://www.youtube.com/watch?v=zfTE4J87aQQ,Note,11,Defintion of free fall: When the forces acting on a body are exclusively gravitational.,,,,,,,0,387,420
7:00:00,8:37:00,Introduction to Weight,9,MIT - Introduction to Weight and Weightlessness (Lecture 7),http://www.youtube.com/watch?v=zfTE4J87aQQ,Note,12,"We can equivalently measure weight by a tensional force required to support our body -- it makes no difference whether the weight force ( \( \mathbf F_w \) ) is supplied by the normal force from a scale, or by a tensional force in a rope.",,,,,,,0,420,517
8:37:00,9:15:00,Introduction to Weight,9,MIT - Introduction to Weight and Weightlessness (Lecture 7),http://www.youtube.com/watch?v=zfTE4J87aQQ,Note,13,"Imagine that you are hanging onto a string attached to a tension scale on the ceiling of an elevator. The tension in the string is \( T \), and the acceleration upwards is \( a \): \begin{align*} \mathbf T - m\mathbf g = m\mathbf a \\ T = m(\mathbf a + \mathbf g) \end{align*}. This is the same equation that we got with the bathroom scale. Tension is an indicator of weight.",,,,,,,0,517,555
9:15:00,9:16:00,Introduction to Weight,9,MIT - Introduction to Weight and Weightlessness (Lecture 7),http://www.youtube.com/watch?v=zfTE4J87aQQ,Quiz,14,,,102,What is the definition of weight?,self-rate,"Weight of an object is defined as the force due to gravity. Thus, \( \text{Weight} = mg \). This is contrasted with *apparent weight*, which is what Prof. Lewin discusses in this video.","Traditionally, *weight* is a synonym for the force of gravity -- \( \text{Weight} = F_g = mg \). The *apparent weight* of an object is the force one would read on a scale. It will change, depending on whether the object is accelerating, and is equal to the force required to cause that acceleration (and must be supplied by a normal force from the ground/scale, or a tension in a rope, for example). Be careful with these!",0,555,556
9:16:00,9:17:00,Introduction to Weight,9,MIT - Introduction to Weight and Weightlessness (Lecture 7),http://www.youtube.com/watch?v=zfTE4J87aQQ,Quiz,15,,,139,What is the definition of free-fall?,self-rate,Free-fall occurs when your apparent weight goes to zero.,"This happens when you accelerate at the rate of gravity, \( g \), because then (by Newton's second law) there are no other forces on you other than the force of gravity. Thus, there will be no normal force (eg, from a scale) or tension (eg, from a hanging rope) to supply a force giving you non-zero apparent weight.",0,556,557
9:17:00,9:17:00,Introduction to Weight,9,MIT - Introduction to Weight and Weightlessness (Lecture 7),http://www.youtube.com/watch?v=zfTE4J87aQQ,Quiz,16,,,103,What are the units of weight?,self-rate,"Newtons, or units of *Force*","Weight, remember, is a force! It should not be confused with mass, even though the two are often used interchangeably in common speech.",0,557,557
9:17:00,END,Introduction to Weight,9,MIT - Introduction to Weight and Weightlessness (Lecture 7),http://www.youtube.com/watch?v=zfTE4J87aQQ,Note,17,End of introduction to weight,,,,,,,0,557,558
0:00:00,0:05:00,Example - Block sliding down frictionless plane,10,Khan - Example - Block sliding down frictionless plane,http://www.youtube.com/watch?v=Mz2nDXElcoM,Note,1,Begin example of ice sliding down an incline,,,,,,,0,0,5
0:05:00,0:49:00,Example - Block sliding down frictionless plane,10,Khan - Example - Block sliding down frictionless plane,http://www.youtube.com/watch?v=Mz2nDXElcoM,Note,2,Problem setup: A block of ice with mass \( m = 10 \units{kg} \) is sitting on a wedge (also made of ice) with an angle of \( \theta = 30^\circ \) to the ground. We want to calculate the motion of the block.,,,,,,,0,5,49
0:49:00,2:10:00,Example - Block sliding down frictionless plane,10,Khan - Example - Block sliding down frictionless plane,http://www.youtube.com/watch?v=Mz2nDXElcoM,Note,3,"Force of gravity \( F_g = m g \) points downward, and acts at the center of mass of the block.",,,,,,,0,49,130
2:10:00,3:16:00,Example - Block sliding down frictionless plane,10,Khan - Example - Block sliding down frictionless plane,http://www.youtube.com/watch?v=Mz2nDXElcoM,Note,4,"Because motion will be along the surface of the block, we decompose the force of gravity into components that are perpendicular and parallel to the surface of the block.",,,,,,,0,130,196
3:16:00,3:45:00,Example - Block sliding down frictionless plane,10,Khan - Example - Block sliding down frictionless plane,http://www.youtube.com/watch?v=Mz2nDXElcoM,Note,5,"Using some trig, we find that the component of \( F_g \) that is perpendicular to the surface is \[ F_{g,\perp} = F_g \cos \theta = m g \cos \theta \]",,,,,,,0,196,225
3:45:00,4:20:00,Example - Block sliding down frictionless plane,10,Khan - Example - Block sliding down frictionless plane,http://www.youtube.com/watch?v=Mz2nDXElcoM,Note,6,"Similarly, the parallel component is \[ F_{g,\parallel} = F_g \sin \theta = m g \sin \theta \]",,,,,,,0,225,260
4:20:00,4:25:00,Example - Block sliding down frictionless plane,10,Khan - Example - Block sliding down frictionless plane,http://www.youtube.com/watch?v=Mz2nDXElcoM,Note,7,"A good mnemonic for this is ""Sine Slides"" -- you use ""Sine"" to get the component that would cause the block to ""Slide"" along the wedge.",,,,,,,0,260,265
4:25:00,6:42:00,Example - Block sliding down frictionless plane,10,Khan - Example - Block sliding down frictionless plane,http://www.youtube.com/watch?v=Mz2nDXElcoM,Note,8,"Another good way to figure out which trig function to use is by limiting cases. As \( \theta \rightarrow 0 \), there should be no component parallel to the surface, because the block would be sitting on flat ground. Since \( \sin 0 = 0 \) while \( \cos 0 = 1 \), we want to use sine for the parallel component.",,,,,,,0,265,402
6:42:00,7:48:00,Example - Block sliding down frictionless plane,10,Khan - Example - Block sliding down frictionless plane,http://www.youtube.com/watch?v=Mz2nDXElcoM,Note,9,"If the component of the gravitational force \( F_{g,\perp} \) were the only force acting perpendicular to the plane of the wedge, then by Newton's 2nd law the block would accelerate downward into the wedge. Because this does not happen, there must be another force opposing it. This is the *Normal Force*.",,,,,,,0,402,468
7:48:00,8:48:00,Example - Block sliding down frictionless plane,10,Khan - Example - Block sliding down frictionless plane,http://www.youtube.com/watch?v=Mz2nDXElcoM,Note,10,"The normal force \( F_N \) is always normal (perpendicular) to the surface, and here we reasoned it must oppose the perpendicular component of \( F_g \). Thus, 
\[ F_N = - F_{g,\perp} = m g \cos \theta \text{ outward } \]",,,,,,,0,468,528
8:48:00,9:00:00,Example - Block sliding down frictionless plane,10,Khan - Example - Block sliding down frictionless plane,http://www.youtube.com/watch?v=Mz2nDXElcoM,Note,11,"There is no frictional force opposing \( F_{g,\parallel} \), and so the block will experience an acceleration by Newton's 2nd law.",,,,,,,0,528,540
9:00:00,9:40:00,Example - Block sliding down frictionless plane,10,Khan - Example - Block sliding down frictionless plane,http://www.youtube.com/watch?v=Mz2nDXElcoM,Note,12,"\[ \mathbf F = m \mathbf a \rightarrow F_{g, \parallel} = m a \]
\[ m g \sin \theta = m a \rightarrow \]
\[ a = g \sin \theta \]",,,,,,,0,540,580
9:40:00,10:17:00,Example - Block sliding down frictionless plane,10,Khan - Example - Block sliding down frictionless plane,http://www.youtube.com/watch?v=Mz2nDXElcoM,Note,13,"Notice that the acceleration is independent of the mass of the block! This is because the force due to gravity is proportional to the mass while the acceleration is inversely proportional to the mass, and so the mass of the block drops out of our equation entirely.",,,,,,,0,580,617
10:17:00,END,Example - Block sliding down frictionless plane,10,Khan - Example - Block sliding down frictionless plane,http://www.youtube.com/watch?v=Mz2nDXElcoM,Note,14,End of example,,,,,,,0,617,618
30:20:00,31:00:00,Kinematics motion in 3-D space,11,MIT - Kinematics in 3D,http://www.youtube.com/watch?v=fwNQKjTj-0w,Note,1,Kinematics motion in 3-D space,,,,,,,0,1820,1860
31:00:00,31:50:00,Kinematics motion in 3-D space,11,MIT - Kinematics in 3D,http://www.youtube.com/watch?v=fwNQKjTj-0w,Note,2,"In general, the ""position"" of an object is designated by a vector (in three dimensions), and is given the variable \( \mathbf r \).",,,,,,,0,1860,1910
31:50:00,32:15:00,Kinematics motion in 3-D space,11,MIT - Kinematics in 3D,http://www.youtube.com/watch?v=fwNQKjTj-0w,Note,3,\[ mathbf r_t = x_t \uvec x + y_t \uvec y + z_t \uvec z \],,,,,,,0,1910,1935
32:15:00,33:00:00,Kinematics motion in 3-D space,11,MIT - Kinematics in 3D,http://www.youtube.com/watch?v=fwNQKjTj-0w,Note,4,\[ \mathbf v_t = \frac{dr_t}{dt} = \dot x_t \uvec x + \dot y_t \uvec y + \dot z_t \uvec z \],,,,,,,0,1935,1980
33:00:00,33:25:00,Kinematics motion in 3-D space,11,MIT - Kinematics in 3D,http://www.youtube.com/watch?v=fwNQKjTj-0w,Note,5,\[ \mathbf a_t = \frac{dv_t}{dt} = \ddot x_t \uvec x + \ddot y_t \uvec y + ddot z_t \uvec z \],,,,,,,0,1980,2005
33:25:00,34:50:00,Kinematics motion in 3-D space,11,MIT - Kinematics in 3D,http://www.youtube.com/watch?v=fwNQKjTj-0w,Note,6,"By writing the 3-D motion in terms of vector components, we have broken a complex problem into three simpler 1-D problems!",,,,,,,0,2005,2090
34:50:00,35:45:00,Kinematics motion in 3-D space,11,MIT - Kinematics in 3D,http://www.youtube.com/watch?v=fwNQKjTj-0w,Note,7,"When solving kinematics problems, you'll almost always want to break things up into components -- separate equations for each direction. First though, it is *very* important to define your coordinate system! This way, both you and your professor/grader know which direction is \( + \uvec x \), say, and which direction is \( - \uvec x \).",,,,,,,0,2090,2145
35:45:00,36:35:00,Kinematics motion in 3-D space,11,MIT - Kinematics in 3D,http://www.youtube.com/watch?v=fwNQKjTj-0w,Note,8,Overview of kinematics,,,,,,,0,2145,2195
36:35:00,37:02:00,Kinematics motion in 3-D space,11,MIT - Kinematics in 3D,http://www.youtube.com/watch?v=fwNQKjTj-0w,Note,9,"For complex 3-D motion, decompose the motion (always described by the position vector, \( \mathbf r(t) \) ) into three independent 1-D problems along the \( \uvec x, \uvec y \) and \( \uvec z \) axes. We can then use the standard kinematics equations to solve!",,,,,,,0,2195,2222
37:02:00,END,Kinematics motion in 3-D space,11,MIT - Kinematics in 3D,http://www.youtube.com/watch?v=fwNQKjTj-0w,Note,10,End of 3-D kinematics,,,,,,,0,2222,2223
37:00:00,37:01:00,Example - Projectile motion in a plane,12,MIT - Example of projectile motion in a plane,http://www.youtube.com/watch?v=fwNQKjTj-0w,Note,1,Example - Projectile motion in a plane,,,,,,,0,2220,2221
37:01:00,39:25:00,Example - Projectile motion in a plane,12,MIT - Example of projectile motion in a plane,http://www.youtube.com/watch?v=fwNQKjTj-0w,Note,2,"1D motion, constant acceleration equations: 
\begin{align} x(t) &= x_0 + v_{0,x} t + frac{1}{2}a_{x} t^2 \\ 
v_{x}(t) &= v_{0,x} + a_x t \\ 
a_{x}(t) &= a_x \end{align}",,,,,,,0,2221,2365
39:25:00,40:21:00,Example - Projectile motion in a plane,12,MIT - Example of projectile motion in a plane,http://www.youtube.com/watch?v=fwNQKjTj-0w,Note,3,It can be useful to analyze the motion of objects with regard to only one axis at a time. This is one reason why it is important to choose your coordinate system well at the start of the problem,,,,,,,0,2365,2421
40:21:00,42:35:00,Example - Projectile motion in a plane,12,MIT - Example of projectile motion in a plane,http://www.youtube.com/watch?v=fwNQKjTj-0w,Quiz,4,,,130,Why isn't the velocity \( v_x \) in the \( \uvec x \) direction going to change?,self-rate,Because there are no forces in the \( \uvec x \) direction.,"Because there are no forces in the \( \uvec x \) direction, there will be no acceleration in the \( \uvec x \) direction (by Newton's 2nd law) and hence the velocity will not change.",1,2421,2555
42:35:00,42:52:00,Example - Projectile motion in a plane,12,MIT - Example of projectile motion in a plane,http://www.youtube.com/watch?v=fwNQKjTj-0w,Quiz,5,,,"58,130","What is the acceleration in the \( \uvec y \) direction at time \( t = 0.5 \) seconds? (numbers only, no units)",text,-9.8&- 9.8&-9.81&- 9.81,"The acceleration in the \( \uvec y \)-direction is *always* \( -9.8 \units{m/s^2} \), because the only *force* acting in the \( \uvec y \)-direction is the force due to gravity. By Newton's 2nd law, we get \[ F_g = - m g = m a \rightarrow \] \[ a = -g \]",1,2555,2572
42:52:00,46:30:00,Example - Projectile motion in a plane,12,MIT - Example of projectile motion in a plane,http://www.youtube.com/watch?v=fwNQKjTj-0w,Note,6,Acceleration due to gravity only affects velocity in the y direction,,,,,,,0,2572,2790
46:30:00,49:27:00,Example - Projectile motion in a plane,12,MIT - Example of projectile motion in a plane,http://www.youtube.com/watch?v=fwNQKjTj-0w,Note,7,Demonstration of independence of movement in several axes,,,,,,,0,2790,2967
49:27:00,END,Example - Projectile motion in a plane,12,MIT - Example of projectile motion in a plane,http://www.youtube.com/watch?v=fwNQKjTj-0w,Note,8,End of example on projectile motion.,,,,,,,0,2967,2968
35:30:00,38:19:00,Example - Monkey hunting and projectile motion,13,MIT - Example of a monkey and a hunter,http://www.youtube.com/watch?v=0OV1E9M9Kkc,Note,1,"A young monkey is in a tree, searching for tasty bananas. On the ground, a monkey hunter aims a golf ball gun straight at the monkey. The golf ball leaves the the gun at a velocity \( v_0 \), and lands at point P. When the monkey sees the flash of the gun, it lets go of the branch it is hanging from and begins to fall. Is the monkey safe, or is it the last day for the monkey?",,,,,,,0,2130,2299
38:19:00,38:48:00,Example - Monkey hunting and projectile motion,13,MIT - Example of a monkey and a hunter,http://www.youtube.com/watch?v=0OV1E9M9Kkc,Note,2,"The ball's horizontal position at time \( t \) is not affected by the existence of gravity. The position \( x(t_1) \) of the ball at time \( t_1 \) is the same for the hunter's assumed trajectory, which ignores gravity, and its actual trajectory, which is affected by gravity.",,,,,,,0,2299,2328
38:48:00,38:54:00,Example - Monkey hunting and projectile motion,13,MIT - Example of a monkey and a hunter,http://www.youtube.com/watch?v=0OV1E9M9Kkc,Note,3,The \( y \)-position of the ball can cleverly found by finding the difference in \( y \)-value between the assumed trajectory (no gravity) and the actual trajectory (with gravity).,,,,,,,0,2328,2334
38:54:00,39:21:00,Example - Monkey hunting and projectile motion,13,MIT - Example of a monkey and a hunter,http://www.youtube.com/watch?v=0OV1E9M9Kkc,Note,4,"With gravity, the y-position is:
\[ y(t) = \left[ v_0\sin(\alpha) \right] t - \frac{1}{2}gt^2 \]",,,,,,,0,2334,2361
39:21:00,39:41:00,Example - Monkey hunting and projectile motion,13,MIT - Example of a monkey and a hunter,http://www.youtube.com/watch?v=0OV1E9M9Kkc,Note,5,"Without gravity, we no longer have a force in the \( \uvec y \)-direction and hence no acceleration in the \( \uvec y \)-direction. Thus, \( g \rightarrow 0 \) and
\[ y(t) = \left[ v_0\sin(\alpha) \right] t \]",,,,,,,0,2361,2381
39:41:00,40:04:00,Example - Monkey hunting and projectile motion,13,MIT - Example of a monkey and a hunter,http://www.youtube.com/watch?v=0OV1E9M9Kkc,Quiz,6,,,,"In terms of the given variables, how much further below the monkey's original position will the ball hit the tree?",self-rate,\[ \frac{1}{2} g t^2 \],"This is shown by subtracting the real trajectory (with gravity) from the trajectory without gravity, which would have hit the monkey on the branch. That is, \begin{align}
x_{\text{no-grav}}(t) &= \left[ v_0 \cos \alpha \right] t \\
x_{\text{grav}}(t) &= \left[ v_0 \cos \alpha \right] t - \frac{1}{2} g t^2 \\
\text{Delta Pos.} &= x_{\text{no-grav}}(t) - x_{\text{grav}}(t) = \frac{1}{2} g t^2 
\end{align}",1,2381,2404
40:04:00,41:24:00,Example - Monkey hunting and projectile motion,13,MIT - Example of a monkey and a hunter,http://www.youtube.com/watch?v=0OV1E9M9Kkc,Note,7,"The ball will land \( \frac{1}{2}g{t_2}^2\)  below the monkey's original position. That is exactly the same distance that the monkey will fall if it lets go at exactly \(t_0\)! If it lets go, the monkey will be killed :-(",,,,,,,0,2404,2484
41:24:00,43:08:00,Example - Monkey hunting and projectile motion,13,MIT - Example of a monkey and a hunter,http://www.youtube.com/watch?v=0OV1E9M9Kkc,Note,8,This result is independent of the initial velocity of the gun!,,,,,,,0,2484,2588
43:08:00,43:38:00,Example - Monkey hunting and projectile motion,13,MIT - Example of a monkey and a hunter,http://www.youtube.com/watch?v=0OV1E9M9Kkc,Note,9,"Consider the same situation, except that both the monkey and the hunter are in an elevator undergoing free-fall motion, and so also accelerating at \( 9.8 \units{m/s^2} \). In this case, the bullet will come straight at the monkey since the force of gravity is acting on all of them, not just the bullet, and so they are all accelerating at the same rate.",,,,,,,0,2588,2618
43:38:00,43:34:00,Example - Monkey hunting and projectile motion,13,MIT - Example of a monkey and a hunter,http://www.youtube.com/watch?v=0OV1E9M9Kkc,Note,10,"If the horizontal distance between the hunter and the monkey is \( D \) and the height of the tree is \( h \), the length of the trajectory in the monkey-hunter frame is \( \sqrt{D^2 + h^2} \).",,,,,,,0,2618,2614
43:34:00,43:40:00,Example - Monkey hunting and projectile motion,13,MIT - Example of a monkey and a hunter,http://www.youtube.com/watch?v=0OV1E9M9Kkc,Quiz,11,,,,"What is \(t_{\text{kill}}\), the amount of time that the monkey has left to live from the moment the bullet is fired?",self-rate,\[ t_{\text{kill}} = \frac{\sqrt{ D^2 + h^2}{v_0} \],"The amount of time it takes the bullet to reach the monkey is just the distance divided by the velocity. In the monkey-hunter frame, the velocity of the bullet is \( v_0 \), and travels the hypotenuse distance of the triangle shown. Thus, ",1,2614,2620
43:40:00,45:10:00,Example - Monkey hunting and projectile motion,13,MIT - Example of a monkey and a hunter,http://www.youtube.com/watch?v=0OV1E9M9Kkc,Note,12,"In the inertial frame of the classroom (outside the elevator), we see a different picture! We see the bullet traveling with a horizontal velocity \( v_x = v_0 \cos \alpha \), over a distance \( D \). Thus, we calculate \[ t_{\text{kill}} = \frac{D}{v_0 \cos \alpha} \]",,,,,,,0,2620,2710
45:10:00,45:20:00,Example - Monkey hunting and projectile motion,13,MIT - Example of a monkey and a hunter,http://www.youtube.com/watch?v=0OV1E9M9Kkc,Note,13,"Using \( \cos \alpha = \frac{D}{sqrt{D^2 + h^2}} \) from the geometry of the image, we can see that both values for \(t_{\text{kill}}\) turn out identical!",,,,,,,0,2710,2720
45:20:00,END,Example - Monkey hunting and projectile motion,13,MIT - Example of a monkey and a hunter,http://www.youtube.com/watch?v=0OV1E9M9Kkc,Note,14,\(t_{kill}\) should be the same regardless of the chosen reference frame.,,,,,,,0,2720,2721
0:00:00,0:40:00,Centripetal forces and accelerations,14,MIT - Centripetal force and acceleration,http://www.youtube.com/watch?v=Otmg0-knGtE,Note,1,Uniform circular motion - An object goes around in a circle at some radius \( r \) with some angular frequency \( \omega \).,,,,,,,0,0,40
0:40:00,0:46:00,Centripetal forces and accelerations,14,MIT - Centripetal force and acceleration,http://www.youtube.com/watch?v=Otmg0-knGtE,Note,2,"The velocity is always tangential to the circle. As the object moves around in a circle, the velocity is changing (because it is a vector quantity, and its direction is changing) but the speed remains constant for *uniform* circular motion.",,,,,,,0,40,46
0:46:00,0:55:00,Centripetal forces and accelerations,14,MIT - Centripetal force and acceleration,http://www.youtube.com/watch?v=Otmg0-knGtE,Note,3,"Period - The time it takes for one complete revolution. Written \( T \), and measured in seconds.",,,,,,,0,46,55
0:55:00,1:25:00,Centripetal forces and accelerations,14,MIT - Centripetal force and acceleration,http://www.youtube.com/watch?v=Otmg0-knGtE,Note,4,"Frequency - The number of rotations per second. Written \( f \) or \( \nu \), and measured in \( \units{s^{-1}} \equiv \units{Hertz} \). 
\[ f = \frac{1}{T} \]",,,,,,,0,55,85
1:25:00,2:15:00,Centripetal forces and accelerations,14,MIT - Centripetal force and acceleration,http://www.youtube.com/watch?v=Otmg0-knGtE,Note,5,"Angular Velocity - The number of radians per second (analogous to velocity, with ""distance"" being measured in ""radians""). Written \( \omega \), and measured in \( \units{s^{-1}} \), or Herts. \[ \omega = 2 \pi f  = \frac{2 \pi}{T} \]",,,,,,,0,85,135
2:15:00,2:38:00,Centripetal forces and accelerations,14,MIT - Centripetal force and acceleration,http://www.youtube.com/watch?v=Otmg0-knGtE,Note,6,\[ v = \omega r \],,,,,,,0,135,158
2:38:00,3:10:00,Centripetal forces and accelerations,14,MIT - Centripetal force and acceleration,http://www.youtube.com/watch?v=Otmg0-knGtE,Note,7,"The speed of the rotating object is not changing, but the velocity is! Therefore, there *must* be an acceleration, this is ""non-negotiable.""",,,,,,,0,158,190
3:10:00,3:20:00,Centripetal forces and accelerations,14,MIT - Centripetal force and acceleration,http://www.youtube.com/watch?v=Otmg0-knGtE,Note,8,The acceleration is always directed to the center.,,,,,,,0,190,200
3:20:00,3:40:00,Centripetal forces and accelerations,14,MIT - Centripetal force and acceleration,http://www.youtube.com/watch?v=Otmg0-knGtE,Note,9,"The acceleration is called ""centripital acceleration"", \( a_c \), and one can show that 
\[ \mathbf a_c = \frac{v^2}{r} \text{ towards the center } \]",,,,,,,0,200,220
3:40:00,4:00:00,Centripetal forces and accelerations,14,MIT - Centripetal force and acceleration,http://www.youtube.com/watch?v=Otmg0-knGtE,Note,10,"\[ \begin{align} a_c &= \frac{v^2}{r} \\
v &= \omega r \rightarrow \\
a_c = \frac{(\omega r)^2}{r} = \omega^2 r 
\end{align} \]",,,,,,,0,220,240
4:00:00,4:09:00,Centripetal forces and accelerations,14,MIT - Centripetal force and acceleration,http://www.youtube.com/watch?v=Otmg0-knGtE,Note,11,"""Centripetal acceleration"" is the name of *any* acceleration towards the center of the circle. Later we'll discuss ""centripetal force"", which is just the *name* of *whatever force(s)* point towards the center! Thus, it is best to think of ""centripetal"" as a direction. Just like ""normal"" refers to the perpendicular direction, ""centripetal"" refers to the direction towards the center of the circle.",,,,,,,0,240,249
4:09:00,4:28:00,Centripetal forces and accelerations,14,MIT - Centripetal force and acceleration,http://www.youtube.com/watch?v=Otmg0-knGtE,Quiz,12,,,144,A vacuum rotor has radius \( r = 10 \units{cm} \) and rotates at \( 600 \units{rpm} \). What is its frequency of rotation in Hertz? (number only),text,10&ten,"\( 600 \units{rpm} \) is 600 revolutions per minute, meaning it undergoes \[ 600 \unitsf{rev}{minute} \cdot \unitsf{1 min}{60 sec} = 10 \unitsf{1}{sec} \rightarrow 10 \units{Hz} \]",1,249,268
4:28:00,4:37:00,Centripetal forces and accelerations,14,MIT - Centripetal force and acceleration,http://www.youtube.com/watch?v=Otmg0-knGtE,Note,13,\( 600 \units{rpm} \) translates into \[ 600 \unitsf{rotations}{minute} \cdot \unitsf{1 minute}{60 seconds} \rightarrow 10 \units{Hz} \],,,,,,,0,268,277
4:37:00,4:44:00,Centripetal forces and accelerations,14,MIT - Centripetal force and acceleration,http://www.youtube.com/watch?v=Otmg0-knGtE,Note,14,The period is \[ T = \frac{1}{f} = \frac{1}{10} \units{sec} \],,,,,,,0,277,284
4:44:00,5:00:00,Centripetal forces and accelerations,14,MIT - Centripetal force and acceleration,http://www.youtube.com/watch?v=Otmg0-knGtE,Note,15,The angular velocity is \[ \omega = \frac{2\pi}{T} = 2 \pi f \approx 63 \unitsf{rad}{sec} \],,,,,,,0,284,300
5:00:00,5:02:00,Centripetal forces and accelerations,14,MIT - Centripetal force and acceleration,http://www.youtube.com/watch?v=Otmg0-knGtE,Note,16,"The speed, \( v \), is just \[ v = \omega r \approx 6.3 \units{m}{s} \]",,,,,,,0,300,302
5:02:00,5:10:00,Centripetal forces and accelerations,14,MIT - Centripetal force and acceleration,http://www.youtube.com/watch?v=Otmg0-knGtE,Quiz,17,,,141,What is the definition of centripetal acceleration?,self-rate,\[ a_c = \omega^2 r \] or equivalently (for uniform circular motion) \[ a_c = \frac{v^2}{r} \],,0,302,310
5:10:00,5:40:00,Centripetal forces and accelerations,14,MIT - Centripetal force and acceleration,http://www.youtube.com/watch?v=Otmg0-knGtE,Note,18,"The centripetal acceleration is \( a_c = \omega^2 r = \frac{v^2}{r} \) and so
\[ a_c = \omega^2 r \approx 400 \unitsf{m}{s^2} \] This is enormous!",,,,,,,0,310,340
5:40:00,6:20:00,Centripetal forces and accelerations,14,MIT - Centripetal force and acceleration,http://www.youtube.com/watch?v=Otmg0-knGtE,Note,19,"Be careful! The centripetal acceleration is *linear* in the radius \( r \) -- \( a_c = \omega^2 r \). It is *not* inversely proportional to \( r \), as you might guess from the relation \( a_c = \frac{v^2}{r} \). This is because the velocity is proportional to \( r \) -- If you are sitting at the center of a rotating disk, you would have zero velocity.",,,,,,,0,340,380
6:20:00,6:51:00,Centripetal forces and accelerations,14,MIT - Centripetal force and acceleration,http://www.youtube.com/watch?v=Otmg0-knGtE,Note,20,END of introduction to centripetal acceleration,,,,,,,0,380,411
6:51:00,6:55:00,Centripetal forces and accelerations,14,MIT - Centripetal force and acceleration,http://www.youtube.com/watch?v=Otmg0-knGtE,Note,21,Begin introduction to centripetal force,,,,,,,0,411,415
6:55:00,7:15:00,Centripetal forces and accelerations,14,MIT - Centripetal force and acceleration,http://www.youtube.com/watch?v=Otmg0-knGtE,Note,22,Imagine you are sitting on a turntable rotating at angular velocity \( \omega \) at a distance \( r \) from the center.,,,,,,,0,415,435
7:15:00,7:20:00,Centripetal forces and accelerations,14,MIT - Centripetal force and acceleration,http://www.youtube.com/watch?v=Otmg0-knGtE,Note,23,"You must experience a centripetal acceleration \( a_c = \omega^2 r \), this is non-negotiable because your velocity is changing!",,,,,,,0,435,440
7:20:00,7:30:00,Centripetal forces and accelerations,14,MIT - Centripetal force and acceleration,http://www.youtube.com/watch?v=Otmg0-knGtE,Quiz,24,,,142,What force is producing the centripetal acceleration required to keep you moving in a uniform circle?,self-rate,"The centripetal acceleration is caused by some contact force between you and the chair, which is bolted to the turn table.","This centripetal acceleration must come from somewhere -- By Newton's 2nd law, accelerations must be caused by a force! Your chair is bolted to the turntable, so that force is supplied by some contact force between you and the chair/turntable.",1,440,450
7:30:00,8:40:00,Centripetal forces and accelerations,14,MIT - Centripetal force and acceleration,http://www.youtube.com/watch?v=Otmg0-knGtE,Note,25,"This centripetal acceleration must come from somewhere -- By Newton's 2nd law, accelerations must be caused by a force! Your chair is bolted to the turntable, so that force is supplied by some contact force between you and the chair/turntable.",,,,,,,0,450,520
8:40:00,9:24:00,Centripetal forces and accelerations,14,MIT - Centripetal force and acceleration,http://www.youtube.com/watch?v=Otmg0-knGtE,Note,26,"The force that causes your circular motion is called the ""centripetal force."" *Centripetal* means ""towards the center,"" that is, it is the force directed towards the center causing your circular acceleration.",,,,,,,0,520,564
9:24:00,9:48:00,Centripetal forces and accelerations,14,MIT - Centripetal force and acceleration,http://www.youtube.com/watch?v=Otmg0-knGtE,Note,27,"If the centripetal force disappears, you will fly off in whatever direction your velocity vector is pointing. That is, you will fly off in a straight line tangent to the circle!",,,,,,,0,564,588
9:48:00,12:36:00,Centripetal forces and accelerations,14,MIT - Centripetal force and acceleration,http://www.youtube.com/watch?v=Otmg0-knGtE,Note,28,Demonstration of circular motion.,,,,,,,0,588,756
12:36:00,END,Centripetal forces and accelerations,14,MIT - Centripetal force and acceleration,http://www.youtube.com/watch?v=Otmg0-knGtE,Note,29,END of introduction to centripetal force,,,,,,,0,756,757